{
    "character_space_analysis": {
        "unique_characters": [
            "b",
            "R",
            "H",
            "w",
            "!",
            "N",
            "U",
            "k",
            "F",
            "I",
            "5",
            "4",
            "E",
            "m",
            "B",
            "7",
            "W",
            "Q",
            "&",
            "y",
            "$",
            "*",
            "^",
            "n",
            "#",
            "9",
            "u",
            "e",
            "8",
            "3",
            "r",
            "h",
            "s",
            "c",
            "C",
            "D",
            "d",
            "q",
            "2",
            "K",
            "6",
            "Y",
            "g",
            "l",
            "P",
            "L",
            "_",
            "t",
            "T",
            "S",
            "a",
            "G",
            "1",
            "A",
            "M",
            "O",
            "p",
            "0",
            "o",
            "f",
            "i",
            "~",
            "z",
            "@",
            "Z"
        ],
        "character_space_size": 65,
        "average_password_length": 11.938388625592417,
        "character_class_counts": {
            "uppercase": 23,
            "lowercase": 23,
            "digits": 10,
            "symbols": 9
        },
        "theoretical_combinations": {
            "using_observed_character_space": 4.398090849247096e+21,
            "using_full_ascii_printable": 4.081623990750363e+23,
            "using_character_class_counts": 4.398090849247096e+21
        },
        "theoretical_entropy": {
            "maximum": 71.89736739819278,
            "per_character": 6.022367813028454
        },
        "average_actual_entropy": 78.32982474135004
    },
    "time_estimates": {
        "using_observed_character_space": {
            "online_attack": 4.3980908492470963e+20,
            "offline_slow": 4.3980908492470963e+18,
            "offline_fast": 4398090849247096.0,
            "offline_gpu": 4398090849247.097,
            "offline_specialized": 4398090849.247096,
            "quantum_computer": 4398090.849247096
        },
        "using_full_ascii_printable": {
            "online_attack": 4.081623990750363e+22,
            "offline_slow": 4.081623990750363e+20,
            "offline_fast": 4.081623990750363e+17,
            "offline_gpu": 408162399075036.25,
            "offline_specialized": 408162399075.03625,
            "quantum_computer": 408162399.0750363
        },
        "using_character_class_counts": {
            "online_attack": 4.3980908492470963e+20,
            "offline_slow": 4.3980908492470963e+18,
            "offline_fast": 4398090849247096.0,
            "offline_gpu": 4398090849247.097,
            "offline_specialized": 4398090849.247096,
            "quantum_computer": 4398090.849247096
        },
        "using_actual_entropy": {
            "online_attack": 3.798628324603445e+22,
            "offline_slow": 3.7986283246034446e+20,
            "offline_fast": 3.798628324603445e+17,
            "offline_gpu": 379862832460344.5,
            "offline_specialized": 379862832460.3445,
            "quantum_computer": 379862832.4603445
        }
    },
    "simulation_results": {
        "strategies": {
            "random": {
                "attempts": 30000,
                "matches": 0,
                "success_rate": 0.0,
                "execution_time_seconds": 0.2597649097442627,
                "attempts_per_second": 115489.03979962057
            },
            "smart": {
                "attempts": 30000,
                "matches": 0,
                "success_rate": 0.0,
                "execution_time_seconds": 0.2310326099395752,
                "attempts_per_second": 129851.7988774237
            },
            "pattern": {
                "attempts": 30000,
                "matches": 0,
                "success_rate": 0.0,
                "execution_time_seconds": 0.7069346904754639,
                "attempts_per_second": 42436.734827403736
            }
        },
        "character_stats": {
            "most_common": [
                [
                    "r",
                    431
                ],
                [
                    "^",
                    375
                ],
                [
                    "B",
                    357
                ],
                [
                    "#",
                    331
                ],
                [
                    "@",
                    248
                ],
                [
                    "t",
                    219
                ],
                [
                    "*",
                    213
                ],
                [
                    "h",
                    200
                ],
                [
                    "1",
                    187
                ],
                [
                    "T",
                    173
                ]
            ],
            "character_probabilities": {
                "B": 0.07086145295752283,
                "r": 0.08554982135768162,
                "I": 0.003572846367606193,
                "g": 0.03136165144898769,
                "h": 0.03969829297340215,
                "T": 0.034339023421992854,
                "^": 0.07443429932512902,
                "F": 0.00833664152441445,
                "l": 0.018658197697499008,
                "0": 0.003374354902739182,
                "w": 0.005756252481143311,
                "@": 0.04922588328701866,
                "1": 0.03711790393013101,
                "2": 0.009726081778483525,
                "5": 0.004168320762207225,
                "*": 0.042278682016673286,
                "G": 0.01726875744342993,
                "t": 0.04346963080587535,
                "R": 0.0166732830488289,
                "#": 0.06570067487098055,
                "m": 0.014489876935291782,
                "8": 0.01687177451369591,
                "Q": 0.018261214767764985,
                "u": 0.005756252481143311,
                "!": 0.004366812227074236,
                "c": 0.010321556173084558,
                "K": 0.0007939658594680428,
                "E": 0.010123064708217546,
                "&": 0.021040095275903135,
                "6": 0.004366812227074236,
                "C": 0.0025803890432711395,
                "i": 0.013298928146089718,
                "e": 0.028582770940849545,
                "s": 0.017864231838030965,
                "y": 0.004366812227074236,
                "H": 0.026002381897578405,
                "z": 0.0011909487892020642,
                "o": 0.0059547439460103215,
                "W": 0.0005954743946010321,
                "7": 0.013100436681222707,
                "Y": 0.0011909487892020642,
                "9": 0.013497419610956728,
                "a": 0.01687177451369591,
                "S": 0.0023818975784041284,
                "M": 0.004962286621675268,
                "3": 0.01647479158396189,
                "4": 0.004763795156808257,
                "P": 0.00535926955140929,
                "L": 0.004366812227074236,
                "p": 0.005160778086542279,
                "b": 0.015283842794759825,
                "k": 0.006748709805478364,
                "D": 0.0015879317189360857,
                "d": 0.003374354902739182,
                "~": 0.003572846367606193,
                "_": 0.0025803890432711395,
                "n": 0.002183406113537118,
                "$": 0.0001984914648670107,
                "N": 0.0003969829297340214,
                "q": 0.0023818975784041284,
                "A": 0.0031758634378721714,
                "U": 0.0005954743946010321,
                "O": 0.0003969829297340214,
                "f": 0.0007939658594680428,
                "Z": 0.0001984914648670107
            }
        }
    },