{
    "audio": {
        "count": 422,
        "average_length": 11.938388625592417,
        "min_length": 11,
        "max_length": 13,
        "average_entropy_bits": 78.32982474135004,
        "entropy_per_character": 6.561252530450941,
        "theoretical_max_entropy": 78.43348946628274,
        "entropy_utilization_ratio": 0.9986783104304283,
        "character_classes": {
            "uppercase_percent": 23.43375423944144,
            "lowercase_percent": 37.75947591113468,
            "digits_percent": 12.39532584319314,
            "symbols_percent": 26.41144400623073
        },
        "uniqueness_percent": 100.0,
        "top_start_patterns": {
            "Br": 59.71563981042654,
            "^B": 9.95260663507109,
            "Tr": 9.004739336492891,
            "^T": 5.213270142180095,
            "^H": 2.132701421800948
        },
        "theoretical_combinations": 3.798628324603445e+23,
        "estimated_crack_times": {
            "slow_attack_seconds": 3.7986283246034446e+20,
            "moderate_attack_seconds": 3.798628324603445e+17,
            "fast_attack_seconds": 379862832460344.5,
            "extreme_attack_seconds": 379862832460.3445
        }
    },
    "traditional": {
        "count": 500,
        "average_length": 12.0,
        "min_length": 12,
        "max_length": 12,
        "average_entropy_bits": 77.94392602860651,
        "entropy_per_character": 6.495327169050543,
        "theoretical_max_entropy": 78.83826729997138,
        "entropy_utilization_ratio": 0.9886560004171325,
        "character_classes": {
            "uppercase_percent": 28.333333333333332,
            "lowercase_percent": 28.75,
            "digits_percent": 9.55,
            "symbols_percent": 33.36666666666667
        },
        "uniqueness_percent": 100.0,
        "top_start_patterns": {
            "V.": 0.6,
            "mP": 0.4,
            "'1": 0.4,
            "gZ": 0.4,
            "xN": 0.4
        },
        "theoretical_combinations": 2.9070982816968528e+23,
        "estimated_crack_times": {
            "slow_attack_seconds": 2.9070982816968527e+20,
            "moderate_attack_seconds": 2.9070982816968525e+17,
            "fast_attack_seconds": 290709828169685.25,
            "extreme_attack_seconds": 290709828169.6853
        }
    },
    "readable": {
        "count": 500,
        "average_length": 12.0,
        "min_length": 12,
        "max_length": 12,
        "average_entropy_bits": 78.83826729997136,
        "entropy_per_character": 6.56985560833095,
        "theoretical_max_entropy": 78.83826729997138,
        "entropy_utilization_ratio": 0.9999999999999998,
        "character_classes": {
            "uppercase_percent": 8.33333333333333,
            "lowercase_percent": 58.33333333333334,
            "digits_percent": 25.0,
            "symbols_percent": 8.33333333333333
        },
        "uniqueness_percent": 100.0,
        "top_start_patterns": {
            "Ba": 7.3999999999999995,
            "Be": 7.3999999999999995,
            "Gr": 7.199999999999999,
            "Le": 7.000000000000001,
            "Pe": 6.6000000000000005
        },
        "theoretical_combinations": 5.4036008766263296e+23,
        "estimated_crack_times": {
            "slow_attack_seconds": 5.4036008766263296e+20,
            "moderate_attack_seconds": 5.4036008766263296e+17,
            "fast_attack_seconds": 540360087662632.94,
            "extreme_attack_seconds": 540360087662.63293
        }
    },
    "diceware": {
        "count": 500,
        "average_length": 25.686,
        "min_length": 20,
        "max_length": 32,
        "average_entropy_bits": 156.90355919680408,
        "entropy_per_character": 6.108524456778169,
        "theoretical_max_entropy": 168.75331115558873,
        "entropy_utilization_ratio": 0.9297806254725318,
        "character_classes": {
            "uppercase_percent": 0.0,
            "lowercase_percent": 73.03487642456696,
            "digits_percent": 11.266257307048317,
            "symbols_percent": 15.698866268384718
        },
        "uniqueness_percent": 100.0,
        "top_start_patterns": {
            "or": 9.4,
            "bl": 8.0,
            "be": 7.000000000000001,
            "li": 5.4,
            "fi": 5.2
        },
        "theoretical_combinations": 1.7087469196546277e+47,
        "estimated_crack_times": {
            "slow_attack_seconds": 1.7087469196546277e+44,
            "moderate_attack_seconds": 1.7087469196546277e+41,
            "fast_attack_seconds": 1.7087469196546276e+38,
            "extreme_attack_seconds": 1.708746919654628e+35
        }
    }
}