{
    "file_count": 10,
    "total_audio_seconds": 2471.3093333333336,
    "steps": {
        "audio_loading": {
            "mean": 1.3695272207260132,
            "median": 1.3268280029296875,
            "min": 0.8439531326293945,
            "max": 2.5532658100128174,
            "std": 0.4579945503271645
        },
        "feature_extraction": {
            "mean": 30.816815853118896,
            "median": 32.17721700668335,
            "min": 18.696898221969604,
            "max": 39.296823024749756,
            "std": 7.210303427878552
        },
        "hash_generation": {
            "mean": 0.3632059574127197,
            "median": 0.36643123626708984,
            "min": 0.23965907096862793,
            "max": 0.4736747741699219,
            "std": 0.07523431973354887
        },
        "key_derivation": {
            "mean": 0.05646572113037109,
            "median": 0.05363583564758301,
            "min": 0.04816579818725586,
            "max": 0.08717083930969238,
            "std": 0.010664011394451027
        },
        "password_generation": {
            "mean": 1.451337504386902,
            "median": 0.8327786922454834,
            "min": 0.6549994945526123,
            "max": 6.413273811340332,
            "std": 1.6625031218298005
        },
        "password_encryption": {
            "mean": 0.0006104946136474609,
            "median": 0.0002510547637939453,
            "min": 0.00010442733764648438,
            "max": 0.003824949264526367,
            "std": 0.0010776296767315756
        },
        "total_processing": {
            "mean": 34.05796275138855,
            "median": 34.68994450569153,
            "min": 20.632063388824463,
            "max": 46.18328332901001,
            "std": 8.290707481586205
        }
    },
    "correlations": {
        "audio_length_vs_total_time": [
            [
                238.776,
                46.18328332901001
            ],
            [
                217.968,
                29.605129957199097
            ],
            [
                313.53333333333336,
                38.86961054801941
            ],
            [
                237.48,
                28.928019523620605
            ],
            [
                282.264,
                38.04979372024536
            ],
            [
                301.92,
                41.977110624313354
            ],
            [
                165.4,
                20.632063388824463
            ],
            [
                233.784,
                31.330095291137695
            ],
            [
                178.48,
                22.505890130996704
            ],
            [
                301.704,
                42.4986310005188
            ]
        ],
        "file_size_vs_total_time": [
            [
                9.10871696472168,
                46.18328332901001
            ],
            [
                8.31494426727295,
                29.605129957199097
            ],
            [
                12.02409553527832,
                38.86961054801941
            ],
            [
                9.114821434020996,
                28.928019523620605
            ],
            [
                10.767662048339844,
                38.04979372024536
            ],
            [
                11.517477989196777,
                41.977110624313354
            ],
            [
                6.36956787109375,
                20.632063388824463
            ],
            [
                8.918312072753906,
                31.330095291137695
            ],
            [
                6.865808486938477,
                22.505890130996704
            ],
            [
                11.509237289428711,
                42.4986310005188
            ]
        ]
    },
    "processing_speed": 7.25618661155115
}