{
    "file_count": 10,
    "total_audio_seconds": 2471.3093333333336,
    "steps": {
        "audio_loading": {
            "mean": 1.3154139995574952,
            "median": 1.2224355936050415,
            "min": 0.7635886669158936,
            "max": 2.830192804336548,
            "std": 0.5478273417101116
        },
        "feature_extraction": {
            "mean": 28.095297050476074,
            "median": 28.708266973495483,
            "min": 17.329243898391724,
            "max": 36.09674882888794,
            "std": 6.558696722326761
        },
        "hash_generation": {
            "mean": 0.34579646587371826,
            "median": 0.33771228790283203,
            "min": 0.2269301414489746,
            "max": 0.44150662422180176,
            "std": 0.0708772936478636
        },
        "key_derivation": {
            "mean": 0.06045732498168945,
            "median": 0.0570068359375,
            "min": 0.049736976623535156,
            "max": 0.09749937057495117,
            "std": 0.013442758300513129
        },
        "password_generation": {
            "mean": 1.5655429363250732,
            "median": 1.0046565532684326,
            "min": 0.832758903503418,
            "max": 6.657179832458496,
            "std": 1.7008380374841134
        },
        "password_encryption": {
            "mean": 0.0008214950561523437,
            "median": 0.0004067420959472656,
            "min": 0.00012826919555664062,
            "max": 0.004874706268310547,
            "std": 0.0013561834593955003
        },
        "total_processing": {
            "mean": 31.383329272270203,
            "median": 32.77127754688263,
            "min": 19.38517475128174,
            "max": 40.39740061759949,
            "std": 7.411185188143326
        }
    },
    "correlations": {
        "audio_length_vs_total_time": [
            [
                238.776,
                40.39740061759949
            ],
            [
                217.968,
                27.028579711914062
            ],
            [
                313.53333333333336,
                35.938183546066284
            ],
            [
                237.48,
                27.531280517578125
            ],
            [
                282.264,
                36.34762644767761
            ],
            [
                301.92,
                38.7834894657135
            ],
            [
                165.4,
                19.38517475128174
            ],
            [
                233.784,
                29.604371547698975
            ],
            [
                178.48,
                19.944762706756592
            ],
            [
                301.704,
                38.87242341041565
            ]
        ],
        "file_size_vs_total_time": [
            [
                9.10871696472168,
                40.39740061759949
            ],
            [
                8.31494426727295,
                27.028579711914062
            ],
            [
                12.02409553527832,
                35.938183546066284
            ],
            [
                9.114821434020996,
                27.531280517578125
            ],
            [
                10.767662048339844,
                36.34762644767761
            ],
            [
                11.517477989196777,
                38.7834894657135
            ],
            [
                6.36956787109375,
                19.38517475128174
            ],
            [
                8.918312072753906,
                29.604371547698975
            ],
            [
                6.865808486938477,
                19.944762706756592
            ],
            [
                11.509237289428711,
                38.87242341041565
            ]
        ]
    },
    "processing_speed": 7.874592628121651
}