{
    "file_count": 10,
    "total_audio_seconds": 2471.3093333333336,
    "steps": {
        "audio_loading": {
            "mean": 1.3546334028244018,
            "median": 1.235050916671753,
            "min": 0.7566120624542236,
            "max": 3.107490062713623,
            "std": 0.6302955059567646
        },
        "feature_extraction": {
            "mean": 27.651683807373047,
            "median": 27.695162892341614,
            "min": 16.8416531085968,
            "max": 35.72225737571716,
            "std": 6.4647136492072566
        },
        "hash_generation": {
            "mean": 0.3443296909332275,
            "median": 0.33464574813842773,
            "min": 0.2240910530090332,
            "max": 0.4373002052307129,
            "std": 0.0734455631433356
        },
        "key_derivation": {
            "mean": 0.054119300842285153,
            "median": 0.05331730842590332,
            "min": 0.04780220985412598,
            "max": 0.06886434555053711,
            "std": 0.005481666509597228
        },
        "password_generation": {
            "mean": 1.2147077322006226,
            "median": 0.6922388076782227,
            "min": 0.5904231071472168,
            "max": 5.942198753356934,
            "std": 1.5773878740535545
        },
        "password_encryption": {
            "mean": 0.00047342777252197267,
            "median": 0.0003848075866699219,
            "min": 0.000118255615234375,
            "max": 0.0016515254974365234,
            "std": 0.0004055482517016236
        },
        "total_processing": {
            "mean": 30.619947361946107,
            "median": 32.050949931144714,
            "min": 18.722172498703003,
            "max": 38.492653369903564,
            "std": 7.244627452020772
        }
    },
    "correlations": {
        "audio_length_vs_total_time": [
            [
                238.776,
                38.492653369903564
            ],
            [
                217.968,
                25.782092332839966
            ],
            [
                313.53333333333336,
                36.001641511917114
            ],
            [
                237.48,
                27.255549907684326
            ],
            [
                282.264,
                35.567535400390625
            ],
            [
                301.92,
                37.69510555267334
            ],
            [
                165.4,
                18.722172498703003
            ],
            [
                233.784,
                28.534364461898804
            ],
            [
                178.48,
                19.74792242050171
            ],
            [
                301.704,
                38.40043616294861
            ]
        ],
        "file_size_vs_total_time": [
            [
                9.10871696472168,
                38.492653369903564
            ],
            [
                8.31494426727295,
                25.782092332839966
            ],
            [
                12.02409553527832,
                36.001641511917114
            ],
            [
                9.114821434020996,
                27.255549907684326
            ],
            [
                10.767662048339844,
                35.567535400390625
            ],
            [
                11.517477989196777,
                37.69510555267334
            ],
            [
                6.36956787109375,
                18.722172498703003
            ],
            [
                8.918312072753906,
                28.534364461898804
            ],
            [
                6.865808486938477,
                19.74792242050171
            ],
            [
                11.509237289428711,
                38.40043616294861
            ]
        ]
    },
    "processing_speed": 8.070913068925227
}